custId,siteCode,itemIndex,confirm,ItemCondition,StoreNo,isExchange
SMUS#3663102,SM,13343865,Y,NEW,906,Refund
SMUS#3784846,SM,13538633,Y,NEW,906,Refund
SMUS#3797654,SM,13558864,Y,NEW,906,Refund
SMUS#3716964,SM,13429920,Y,NEW,906,Refund
SMUS#3440424,SM,12976009,Y,NEW,906,Refund
SMUS#3764211,SM,13505934,Y,NEW,906,Exchange
SMUS#3628034,SM,13285609,Y,NEW,906,Refund
SMUS#3764241,SM,13505984,Y,NEW,906,Exchange
SMUS#3575370,SM,13198253,Y,NEW,906,Refund
SMUS#3711533,SM,13421280,Y,NEW,906,Refund
